filename,Number of vehicles in accident,Accident Type,Person Injury?,Need for ambulance?,Need for firetruck?,Need for Police?,Types of vehicles involved,Fire?,Weather,Low Res/Bad Footage?
000000.mp4, 2, Angle/Side impact, Yes, Yes, No, Yes, Motorcycles, No," Day, clear", Yes
000001.mp4, 6," Multi-vehicle pile-up. The sequence shows a chain reaction of impacts, primarily rear-end collisions."," Possibly. Given the number of vehicles and the visible impacts, it is possible someone sustained injuries.", Possibly., No. There is no visible fire or indication of the need for fire services.," Yes. Given the number of vehicles and potential injuries, traffic control and accident investigation are likely required."," Sedans, SUVs.", No.," Daytime, snowy conditions."," Yes. The footage is low resolution, making it difficult to assess fine details."
000002.mp4, 4," T-bone/Broadside collision, with potential secondary impacts."," Yes, highly probable given the severity of the collision."," Yes, very likely."," Yes, given the visible fire."," Yes, for accident investigation and traffic control."," 2 SUVs, 2 Trucks, 1 sedan in frame", Yes," Day, clear."," Yes, the footage is low resolution."
000003.mp4,2,T-bone,Yes,Yes,No,Yes,"Sedan, unidentified white vehicle (possibly a small truck or van)",No,"Day, Clear",No
000004.mp4,2,T-bone,Cannot determine,Cannot determine,Cannot determine,Likely yes,"Sedan, and Truck",No,"Night, cannot determine weather",Yes
000005.mp4, 2, T-Bone," Cannot determine with certainty from the video. Likely, given the impact.", Likely.," Cannot determine with certainty. Possible, due to the severity of the collision and potential for vehicle damage.", Yes., SUV and another vehicle., No," Night, weather unknown (appears clear based on visibility).", Yes.
000006.mp4,2,T-bone (Likely),"Likely Yes. Without seeing closer footage, it is difficult to know the severity.",Likely Yes,Likely No.,Yes.,"Difficult to definitively identify due to the quality, but likely a motorcycle and a car.",No,"Night, clear",Yes
000007.mp4, 2, T-bone, Uncertain, Uncertain, No, Uncertain," Sedan, SUV", No," Night, clear", Yes
000008.mp4," 0 (Based on the single frame provided, there is no visible collision or more than one vehicle at the same time)", N/A (No accident is observed in the current frame), Unknown (Cannot be determined from the image), No, No, Unknown, Sedan (Based on the single vehicle visible), No," Night, Unknown weather", Yes
000009.mp4, 0, There does not appear to be an accident., Cannot assess, No, No, No," SUVs, Truck, Sedan", No," Night, unclear", Yes
000010.mp4, 4, Chain reaction rear end, I cannot determine from the footage., I cannot determine from the footage., I cannot determine from the footage.," Likely, due to the number of vehicles involved.", SUVs and a sedan., No.," Day, clear.", Yes.
000011.mp4, 2, T-bone, Possibly (hard to determine with certainty from the footage), Possibly (due to T-bone type), No (no visible fire or smoke), Likely (given accident type)," Sedan, Taxi (likely a Toyota Prius, based on the roofline)", No," Day, clear"," Yes, the footage is low resolution and grainy."
000012.mp4, 1, Unknown. It appears that one vehicle driving through or turning at an intersection.," Unknown. Based on the limited information, it is impossible to determine if there are injuries.", Unknown., Unknown.," Likely, to investigate the circumstances of the potential accident.", Appears to be a sedan or car., No," Night, weather is unknown.", Yes.
000013.mp4, 2, T-bone, Cannot determine., Cannot determine., No., Likely.," SUV, Sedan", No.," Night, clear", Yes.
000014.mp4, 3, T-bone or angle/side impact type of accident," Possibly yes, based on accident severity.", Possibly yes, Possibly no, Yes," sedan, sedan, sedan", No," Day, possibly rainy or wet conditions based on the road.", Yes
000015.mp4," 0 (Based on these images, there is no visual evidence of an accident. The vehicles are moving normally at an intersection).", Not Applicable, no, no, no, no," SUV, Sedan, Van", no, Night/Wet, yes
000016.mp4, Impossible to determine from this single frame., Impossible to determine from this single frame., Impossible to determine from this single frame., Impossible to determine from this single frame., Impossible to determine from this single frame., Impossible to determine from this single frame., At least one bus and one SUV., No.," Day, clear.", Yes.
000017.mp4, 0 (There is no visible accident in the provided frames.), N/A, no, no, no, no," SUVs, sedans, possible pickup truck, vans", no," Day, clear", yes
000018.mp4," I cannot determine if there is an accident or how many vehicles may be involved. The image shows a road intersection, but no obvious signs of an accident.", Unable to determine due to lack of evidence., Cannot determine., Cannot determine., Cannot determine., Cannot determine., Some vehicle types can be observed far in the distance from the perspective of the camera but no clear information is available., No.," Night, I assume clear weather.", Yes.
000019.mp4, 2," Appears to be an intersection accident. The specific type is difficult to determine with certainty, but it could be a broadside/T-bone type."," Cannot determine definitively, but potentially yes due to the severity of the collision.", Likely yes.," Cannot determine from the image, potentially yes.", Yes., Likely a sedan and a light truck or SUV.," No, no evidence of fire in the images provided."," Night, unclear visibility, possibly due to rain or fog."," Yes, the footage is low resolution and has poor visibility."
000020.mp4, 0, N/A, no, no, no, no," sedan, taxi, SUV", no," Day, clear", yes
000021.mp4, It is impossible to determine if an accident has occured or the number of vehicles involved from the images., Cannot determine., Cannot determine., Cannot determine., Cannot determine., Cannot determine.," The vehicles that can be seen are SUVs, and Sedans.", No.," Night, the road is wet.", Yes.
000022.mp4,2,T-bone,Unknown,Unknown,No,Yes,"Sedan, unknown (possibly sedan or coupe)",No,"Day, clear",Yes
000023.mp4, 2," T-bone (potential, based on the vehicle positions)", Unknown, Unknown, Unknown, Unknown," SUV, Truck", No," Night, clear", Yes (Low Resolution)
000024.mp4, 0, N/A, No, No, No, No," Vans, sedans, buses", No," Day, clear", No
000025.mp4, 2, T-bone (based on the collision point and the vehicles' positions immediately after impact)," Cannot determine from the images, but the severity of the crash suggests injuries are possible."," Likely, given the nature of the collision."," Unlikely, as there is no visible fire."," Yes, due to the accident and potential for legal and investigative actions.", Sedan and SUV., No.," Day, clear."," No, the footage is low resolution."
000026.mp4, 2, Trailer disconnect, Yes, Yes, No, Yes, Van and Trailer, No, Day/Clear, Yes
000027.mp4," It is difficult to tell, but the tow truck and stopped cars are on the right, so at least 2 vehicles appear to be involved."," Unable to determine the accident type with certainty. The location suggests a possible side swipe, or rear-end.",  Unable to determine.," Unable to determine, but the presence of an accident with stopped cars suggests a possible need.",  Unable to determine.,"  Unable to determine, but the presence of an accident with stopped cars suggests a possible need."," Tow truck, SUV, Sedan, Truck", No," Day, rainy or wet.", Yes
000028.mp4, 2, T-bone," Possibly. Based on the severity of T-bone accidents, potential injuries could be present, but I cannot confirm definitively."," Possibly, given the nature of the accident.", Unlikely. There's no visible indication of fire or a situation requiring fire department intervention.," Very likely, to assess liability, document the accident, and manage traffic flow."," Sedan, and truck", No.," Day, overcast/cloudy.", No.
000029.mp4," 2 (possibly more, based on potential chain reaction)", T-bone or side impact.,  Cannot determine from the visual., Cannot determine from the visual., Cannot determine from the visual.," Likely, due to the severity of the impact and the location in an intersection."," SUV/truck, sedan.", No.," Day, clear.", Yes.
000030.mp4,2,T-bone,Likely yes (based on the severity of the impact).,Likely yes (based on the severity of the impact).,Possibly yes (depends on potential hazards).,Yes (due to the severity and type of accident).,"Truck, Car (Sedan/SUV)",No (not visible in the frames).,"Night, likely wet (based on road conditions and visibility)",Yes
000031.mp4, 2, Side impact/T-bone type," Potentially yes (Difficult to ascertain from the footage, but likely)", Likely yes, No, Yes, Truck and Sedan, No," Day, clear", Yes
000032.mp4, 2, T-Bone (inferred from the intersection and the likely direction of travel), Uncertain (due to low resolution; difficult to determine), Probably (due to the severity implied by a T-bone accident), Probably Not (no visible smoke or fire), Yes (accidents at intersections usually require police for reporting)," Likely two sedans, based on their size and shape.", No," Day, clear (inferred from visibility)", Yes
000033.mp4, 2, Head On, Unknown, Likely, Possibly, Yes," Car, Truck", No," Day, Clear", Yes
000034.mp4, 0, N/A, no, no, no, no," suv, sedan.", no," Night, Rain", Yes
000035.mp4, 2, T-bone," Possibly yes, due to the nature of the accident, but cannot be confirmed."," Possibly yes, due to the nature of the accident, but cannot be confirmed."," Possibly no, no visual evidence of fire."," Likely yes, to investigate the accident and manage traffic.", Sedan and a truck., No," Day, snow.", Yes.
000036.mp4,,,,,,,,,,
000037.mp4, 1, Rollover (based on the vehicle's position)," Cannot determine from the image, but likely yes due to the severity of the rollover.", Likely yes due to the nature of the accident.," Possibly yes, depending on the possibility of fuel leakage or other hazards."," Yes, for accident investigation and traffic control.", Appears to be an SUV., No (based on the image).," Daytime, weather appears clear."," Yes, the image is low resolution."
000038.mp4, 6, Chain reaction/Pile-up, Likely yes (based on the severity of the impact), Likely yes (due to potential injuries)," Possibly no (no visible fire, but could be needed for vehicle extrication)", Yes (due to the scale of the accident and potential for investigation)," Vans, Cars, Bus, Truck", No," Day, clear", Yes
000039.mp4, 2, T-Bone, Possibly, Likely, No, Yes, Van and Truck, No," Day, rainy", Yes
000040.mp4, 1," Single Vehicle, Loss of Control", Possibly yes, Possibly yes, Possibly yes, Yes, Truck or SUV, No," Day, weather unclear (possibly wet roads)", Yes
000041.mp4, 1, Single vehicle crash/loss of control, Unknown," Potentially, but not confirmed."," Potentially, based on the smoke", Yes, Sedan," Potentially, Smoke is seen"," Night, appears to be Wet", Yes
000042.mp4,2,T-bone,yes (due to t-bone being high speed and high impact),yes (due to t-bone being high speed and high impact),no (no visible signs of fire),yes (major accident),sedan and sedan/compact,no,"day, clear",yes
000043.mp4, 2," Side swipe, potentially leading to a rear-end type impact.", Unknown (cannot be determined from the footage), Unknown (cannot be determined from the footage), No (no fire is visible)," Unknown (but likely, due to the accident)"," Bus, Sedan", No," Day, clear weather (appears bright and dry)", Yes (the footage is of low resolution and quality)
000044.mp4,2,Appears to be a side impact involving a motorcycle and a truck or car.,"Likely yes, given the nature of the accident with a motorcycle involved.","Likely yes, due to potential injuries.","No, there is no indication of fire or the need for fire department response.","Yes, for accident investigation and traffic control.",Motorcycle and Truck/Car,No.,"Day, clear weather.","Yes, the footage is somewhat low resolution."
000045.mp4, 2, T-bone, Yes, Yes, No, Yes, Motorcycle and Sedan, No," Day, clear", Yes
000046.mp4, 2, T-Bone," Likely yes, based on the collision type", Likely yes, Likely no, Likely yes, Sedans and Motorbike, No," Day, clear", Yes
000047.mp4, 2, T-bone, Possibly (difficult to determine definitively from the frames), Possibly (due to the severity of the collision), No (no visible fire), Yes (due to the severity of the accident)," SUV, Sedan", No," Day, clear", No
000048.mp4, 2, T-bone, Undetermined, Likely, No, Yes, Truck and Sedan, No," Day, Clear", Yes
000049.mp4, 0, None, I cannot determine definitely., No., No, I cannot determine definitely.," SUVs, sedans, motorcycles, vans.", No," Day, clear.", Yes.
000050.mp4, 2, T-Bone, Possibly, Possibly, No, Yes," SUV, Sedan", No," Day, Possibly overcast", Yes
000051.mp4, 2, T-bone (appears the car struck the motorcycle/scooter from the side)., Yes (people are seen on the ground after the collision)., Likely yes (given the apparent injuries after the collision)., No (no fire is visible)., Likely yes (accidents involving injuries typically require police investigation)., Car (sedan) and motorcycle/scooter., No.," Day, clear.", Yes.
000052.mp4, 2, T-Bone, Yes, Yes, No, Yes," Sedan, Sedan", No," Day, Clear", Yes
000053.mp4, 2, T-bone, Likely yes (based on severity of impact), Yes, Possibly yes (depending on extent of damage), Yes, Trucks and possibly a cement mixer, No," Day, rainy", Yes
000054.mp4, 2, T-bone, Potentially yes, Likely yes, Yes, Yes," Sedan, Firetruck, Van", No," Day, Rainy", Yes
000055.mp4,"0 (Based on the provided frames, there is no visible accident)",None (No accident is visible),No (Since there is no accident),No,No,No,"Sedans, van, taxi, SUV, bus",No,"Day, clear",Yes
000056.mp4, 2, Intersection accident/Collision, Likely yes, Likely yes, No, Yes," Van, Motorcycle", No," Day, Clear", Yes
000057.mp4, 2, T-Bone (based on the relative positions of the vehicles at the point of impact),  Potentially yes (T-bone accidents often result in injuries), Potentially yes (given the possible injuries),  Unlikely (no visible fire), Likely yes (to investigate the accident and determine fault)," Sedan, SUV", No," Night, appears wet (shiny road)", Yes
000058.mp4, 2 (Based on apparent positions and movements prior), Appears to be a T-bone accident (one vehicle crossing the path of another).," Cannot determine definitively, but likely yes due to the nature of the collision.", Likely yes due to the potential for injuries.," Not immediately apparent, but possible depending on the severity of the collision and potential for fluid leaks."," Yes, required to investigate the accident and determine fault.", It appears to be sedan and motorbike/scooter., No apparent fire based on the image., Night and unclear visibility.," Yes, the footage is low resolution and difficult to interpret."
000059.mp4, 2, T-bone (inferred from vehicle positioning after impact), yes (inferred due to the intensity of impact), yes (inferred due to the intensity of impact), no (Fire is not observed), yes (inferred due to the accident being substantial), Sedan and Truck, no (not observed in frames)," Night, clear (inferred from visibility and absence of rain/snow)", yes
000060.mp4, 2," T-Bone (likely, based on vehicle positioning)", Yes (based on people exiting vehicle quickly and gathering at site), Yes (due to potential injuries), No (no fire visible), Yes (due to the accident and potential injuries)," Sedan, Sedan (or possibly a larger vehicle like an SUV based on its size in the frame)", No," Night, weather appears clear and pavement is reflective", Yes (video quality is low and grainy)
000061.mp4, 2, T-Bone, Likely yes, Likely yes, Likely yes, Likely yes," Taxi, sedan", Yes," Night, appears wet", Yes
000062.mp4, 2, T-bone, yes, yes," unknown, but maybe", yes," sedan, sedan", no," night, clear", yes
000063.mp4,2,T-Bone,Potentially yes (based on the presence of emergency vehicles),Yes (presence of emergency vehicles with lights),Unknown (not visually confirmed),Yes (presence of emergency vehicles with lights),SUV (or minivan) and Sedan,No,"Night, unknown weather (appears clear)",Yes
000064.mp4, 2, T-bone," Potentially yes (given the severity of the impact, injuries are possible)", Likely yes, Possibly yes (depending on if there's a risk of fire or the need to extricate someone), Yes (for accident investigation and report), Vans, No (not visible in the frames)," Night, clear", No
000065.mp4,2,T-bone,Unknown,Unknown,No,Likely,"Van, Sedan",No,"Day, snowy",No
000066.mp4, 2, T-bone, Unable to determine, Unable to determine, No, Yes, Sedan and SUV, No," Night, Snowy", Yes
000067.mp4, 2 (Based on the collision I can see), T-bone (One vehicle appears to be struck on its side)," Unknown (I cannot determine this from the video. Likely, but can't determine extent.)"," Likely (Given the T-bone accident type, this is probable)"," Unlikely (No visible fire or smoke, but can't say for certain without more information)", Yes (Accidents of this type usually require police investigation), Sedan x 2 (Both vehicles appear to be passenger cars or sedans. Hard to be sure of the type), No (No visible fire in the frames)," Night, Clear (Based on the street lighting and visibility)"," Yes (The footage is low resolution and black and white, limiting detail)"
000068.mp4,4,Multi-vehicle collision (appears to be a chain reaction),Potentially yes (difficult to confirm from the video),Potentially yes (given the severity of the collision),Possibly not (no visible fire),Yes (due to the accident and the extent of damage),"Truck, Trucks, Sedans, SUV",No,Day/Clear,No
000069.mp4,2,"Angle or broadside impact (T-Bone, but less direct)",Likely yes (due to the severity of the impact),Yes,Possibly (depending on damage and potential hazards),Yes,"Semi-truck, Passenger train",No,"Day, likely cold (possibly frosty)",No
000070.mp4, 2, It appears to be a scrape to the side of a truck in the top corner., I cannot determine from the footage., I cannot determine from the footage., No., I cannot determine from the footage., Truck., No.," Day, weather appears to be snowy or has recently snowed."," Yes, the footage is low resolution and the incident occurs very far away which is difficult to give proper answers."
000071.mp4, It is impossible to tell from this frame., Cannot be determined from this frame., Cannot be determined from this frame., Cannot be determined from this frame., Cannot be determined from this frame., Cannot be determined from this frame.," School bus, Sedan, motorcycle.", No.," Daytime, Clear.", Yes.
000072.mp4, 0, None, No, No, No, No," Sedan, Van, Motorcycle", No," Day, unclear.", Yes.
000073.mp4, 0 (There's no visible accident), N/A, No, No, No, No," Bus, van, sedan, possibly a truck or other vehicle partially visible.", No," Day, clear", Yes
000074.mp4, 2," T-bone (likely, based on the apparent position and movement of the vehicles)"," Cannot determine with certainty from the image, but potentially yes (due to the severity of a T-bone accident).", Likely yes (due to the potential for injuries in a T-bone accident)., Cannot determine with certainty. Possible (if there is a fuel leak or fire risk)., Likely yes (to investigate and document the accident)., Sedan and possibly an unknown type of vehicle., No (not apparent in the image).," Night, weather unclear (appears dry).", Yes (low resolution and visibility is poor).
000075.mp4, 2, T-Bone, Likely yes (based on the position of people surrounding the incident), Likely yes (based on the likelihood of injury), No (no visible fire or hazardous materials), Yes (accident investigation and traffic control)," Sedan, Motorbike", No," Day, Clear", Yes
000076.mp4," 0 (Based on the video, there is no visible accident taking place.)", N/A, No (No accident is visible to cause injury), No, No, No," Auto rickshaws, cars, motorcycles, bus", No," Day, clear", Yes
000077.mp4, 1 (I see what appears to be a single motorcycle and possibly a person crossing the road.)," Pedestrian vs. Vehicle (Based on the visible elements, it suggests a potential collision between a pedestrian and a motorcycle.)", Unknown (I cannot determine from the image if there are any injuries.), Unknown (I cannot determine from the image if medical assistance is required.), No (There is no indication of fire.), Unknown (The image provides no information on whether police intervention is needed.), Motorcycle (appears to be the only vehicle), No," Night, Weather unknown but seems clear", Yes (The image quality is low and grainy.)
000078.mp4,2,T-bone,Unknown,Unknown,No,Unknown,"Car, Motorcycle",No,"Night, clear",Yes
000079.mp4, 2, Side Impact, Likely Yes (based on people gathering around the bus.), Likely Yes, No, Yes, Bus and Sedan, No, Day/Clear, Yes
000080.mp4, 2,"  The image suggests a possible side-impact or collision in the intersection, but without additional frames it is not possible to determine the accident type."," Yes, based on the people on the ground and potentially blood visible."," Likely yes, due to the apparent injuries."," Unlikely, no fire or hazardous materials visible.","  Likely yes, given the accident and potential injuries.", Scooter/Motorcycle and possibly some type of 3-wheeled vehicle., No.," Day, clear weather.", Yes.
000081.mp4, 2, T-bone (likely)," Yes (Likely, based on the person falling)"," Yes (Probable, based on apparent injury)", No," Yes (Likely, due to the accident and potential injuries)", Motorcycle and Car, No," Day, Clear", Yes
000082.mp4," Potentially 2, but unclear due to the resolution. It appears that there might be some contact made between two vehicles.", Possible side impact/angle impact. It's hard to confirm the exact nature., Unknown. Based on the video resolution., Unknown., No. There is no visible evidence that one is needed., Possibly. Given the incident is in an intersection. But resolution is poor.," The vehicles present are Auto-Rickshaws (tuk-tuks), a Van, motorcycles and SUVs.", No., Daytime and it appears to be clear., Yes. The video quality is poor.
000083.mp4, 2, It appears to be a side impact collision or t-bone accident., Uncertain - I cannot determine this from the image., Uncertain - I cannot determine this from the image., Uncertain - I cannot determine this from the image.," Likely - Given the nature of the accident, police involvement is probable for investigation and reporting.", SUV and Sedan, No - There is no visible indication of fire.," Night, unclear weather - Visibility is low, so it's difficult to determine the weather conditions with certainty."," Yes - The footage is of low resolution and quality, which limits the amount of detail that can be observed."
000084.mp4," 0. Based on the image, I do not see an accident.", None. I do not see one occurring., No. Based on the image I cannot verify any injury., No. I see no indication., No. I see no indication., No. I see no indication.," Assuming just traffic on the road: Auto Rickshaws, Vans, Cars/Sedans, SUVs, Motorcycles, Buses.", No. I see no sign of fire.," Day, and from the image, it appears to be clear.", Yes. The footage is low resolution and grainy.
000085.mp4, 2, Side impact or T-bone (appears the motorcycle collided with the side of the car)., Yes (Based on the visible impact and likelihood of injury in such a collision)., Yes (Given the potential for injury)., No (No visible signs of fire or need for rescue)., Yes (Accidents involving potential injuries typically require police involvement for investigation and reporting).," Motorcycle, SUV", No," Day, Weather is clear", Yes
000086.mp4,At least 2,Cannot definitively determine. Could potentially be a rear-end collision.,Cannot determine.,Cannot determine.,Cannot determine.,"Likely yes, due to a traffic incident.",Likely a truck and possibly another truck or car. Identification is difficult due to the image quality.,No (no visible flames).,"Night, visibility is poor.",Yes
000087.mp4, 1, Single Vehicle - Lost Control, Cannot determine., Cannot determine., Cannot determine., Likely., Sedan., No.," Daytime, Clear.", Yes.
000088.mp4," Based on the images, there is no accident in the frames.", N/A (no accident), N/A (no accident), N/A (no accident), N/A (no accident), N/A (no accident)," Bus, van, sedan, motorcycles, bicycle.", No.," Daytime, clear."," Yes, the footage is low resolution."
000089.mp4, 1 (Although there are tire marks on the pavement), Unknown, Unknown, Unknown, Unknown, Unknown," (Observed nearby) motorcycles, sedans, trucks, SUVs", No," Daytime, appears clear", Yes
000090.mp4," 2 (Possibly 3, but the 3rd vehicle is uncertain due to the view.)", T-bone (Likely)," Yes (Likely, based on the immediate aftermath)", Yes (Likely), No (Not apparent), Yes (Likely),"  Van or Small Bus, Motorcycle (Possible SUV/Sedan as potential third vehicle)", No," Day, Weather unclear but appears to be dry", Yes
000091.mp4, 1 (potentially), Pedestrian collision (potentially)," Likely yes (potentially serious, given pedestrian involvement)", Likely yes, Probably no, Yes (likely required for accident investigation and traffic control)," Car/Sedan, Pedestrians", No," Day, appears clear", Yes
000092.mp4, 1, Single-vehicle collision with a utility pole, Unknown, Unknown, Unknown, Yes, Truck, No," Day, unclear but likely cold due to snow on the ground", No
000093.mp4, 2, Appears to be a rear-end collision., Possibly yes (someone is on the ground), Possibly yes (based on the injury status)., No, Probably yes (due to the accident involving injury), Motorcycle/scooter and a van/small truck., No," Day, rainy/wet.", Yes
000094.mp4,0,Not applicable,Cannot determine,Cannot determine,Cannot determine,Cannot determine,"SUVs, trucks, sedans, vans",No,"Day, clear",No
000095.mp4, 2, Appears to be a side collision or a jackknife incident where the truck's trailer impacted another vehicle.," Unknown, but given the severity of the impact, it is possible."," Likely, given the potential for injuries."," Possible, depending on the presence of hazards (fuel leak, fire risk) but no visible fire."," Yes, for traffic control, accident investigation, and potentially determining fault.", Semi-truck (tractor-trailer) and a sedan.," No, based on the video frames."," Day, clear conditions."," Yes, the footage is low resolution, which limits the accuracy of the analysis."
000096.mp4, 1, Truck rolled over, Yes (high likelihood due to truck rollover), Yes (high likelihood due to truck rollover), No (no visible fire or immediate fire risk)," Yes (standard for traffic accidents, especially rollovers)", Truck, No," Day, clear", Yes
000097.mp4, 2 (based on visible evidence)," Potentially sideswipe/angle collision between a van and a motorcycle. Due to the low resolution, it's hard to determine the exact nature of the impact."," Unknown. It is impossible to determine the condition of the motorcycle rider from this video, but considering the potential impact, personal injury is probable.", Probable. The potential for personal injury suggests an ambulance may be needed., Unlikely. There is no visible indication of fire or a need for fire suppression or rescue services., Probable. Accidents involving potential injuries and traffic disruption usually require police presence for investigation and traffic control.," Van, motorcycle.", No.," Daytime, rainy/wet conditions.", Yes.
000098.mp4," 0 (Based on the image, there is no visible accident.)", N/A, No (There is no visible sign of injury.), No, No, No," Vans, sedans, potentially a motorcycle.", No," Night, possibly wet (based on the road surface).", Yes (The image quality is not very high).
000099.mp4, Unknown (The video only shows one vehicle in the frame.), Unknown (No accident is visible in the provided frame.), Unknown (There is no evidence of injuries in the frame.)," Unknown (Based on the frame, no ambulance is needed.)"," Unknown (Based on the frame, no firetruck is needed.)"," Unknown (Based on the frame, no police are needed.)", Truck (Only a truck is visible in the frame.), No," Night, weather is unknown.", Yes
000100.mp4," 0 (Based on the single frame provided, there is no accident visible. Just vehicles traveling in wet conditions.)", N/A (No accident is visible), No (No accident visible), No (No accident visible), No (No accident visible), No (No accident visible)," Cars, van, possibly a bus in background", No," Day, wet"," Yes, the footage is low resolution."
000101.mp4, 2, T-bone, Likely yes (due to the nature of T-bone accidents), Likely yes, No, Yes," Van, Minivan", No," Day, clear", Yes
000102.mp4, 2, Rear end, Cannot determine., Cannot determine., No.," Likely, but cannot confirm."," Sedan, Sedan", No.," Day, Rainy/Wet.", Yes.
000103.mp4, 2, T-Bone, Cannot determine, Cannot determine, No, Likely, Sedan and a Van, No, Day/Clear, Yes
000104.mp4, Unknown. Only one vehicle is visible in the provided frame., Unknown, Unknown., Unknown., Unknown., Unknown., Possibly a van or taxi., No.," Night, Wet (likely raining).", Yes.
000105.mp4," 0 (Based on the provided single frame, there is no visible accident occurring)", N/A (No accident is visible), No (No accident is visible to cause injury), No (No accident is visible), No (No fire or accident is visible), No (No accident is visible),"  Various vehicles are visible in the traffic flow (sedans, vans, trucks), but none are shown in an accident.", No," Day, unclear weather (visibility is reduced)."," Yes, low resolution."
000106.mp4,2,T-bone,yes,likely,no,yes,"motorcycle, sedan",no,"Day, clear",yes
000107.mp4," 0 (Based on the image, there is no accident visible)", None, No, No, No, No," Van, cars, bus, taxi", No," Day, appears to be rainy or wet.", Yes
000108.mp4,2,T-bone,"Possibly, based on the ambulance present.",Yes,No (not visible),"Likely, given the accident type.","Sedan, possibly another sedan or small car.",No (not visible),"Day, wet.",Yes
000109.mp4, 2, T-bone (or near T-bone)," Potentially yes (due to the nature of the impact, injuries are possible)", Probably yes (given the potential for injuries in a T-bone collision)," Unlikely (unless there's a fire or significant entrapment, which isn't apparent)"," Yes (to investigate the accident, file a report, and manage the scene)"," Bus, Sedan", No," Night, possibly wet (the road appears shiny).", Yes (the image is grainy and lacks detail)
000110.mp4, 2, T-bone (appears to be an intersection collision), Likely yes (given the nature of T-bone collisions), Likely yes (given potential injuries), Unknown (depends on the extent of damage/potential hazards), Likely yes (to investigate the accident and manage traffic), Sedans (it's difficult to discern specific makes/models), No," Day, clear"," Yes (the video quality is poor, making detailed analysis difficult)"
000111.mp4, 2, T-bone (inferred from the vehicle's movement and impact point)," Unknown, but potentially yes (given the T-bone accident type, the risk of injury is higher)", Likely yes (due to the potential for injuries from a T-bone accident)," Possibly no (no visible signs of fire or smoke, but could be needed for vehicle extrication)", Likely yes (to investigate the accident and file a report), Sedan and possibly a SUV, No," Night, likely rainy (wet road surface)", Yes
000112.mp4," 0 (Based on the image, there is no visible accident)", N/A (No accident is visible), No (No visible accident or injuries), No (No indication of need), No (No indication of need), No (No indication of need)," Sedan, Truck", No," Day, clear", Yes
000113.mp4, 2, Rear-end collision (based on the positioning of the vehicles).," Potentially yes (impossible to determine from the footage, but rear-end collisions can often result in injuries)."," Potentially yes (dependent on injuries, but rear-end collisions can often result in injuries).", No (no visible fire or hazard requiring fire department assistance)., Likely yes (traffic accidents usually require police intervention for documentation and potential investigation)., Sedans (it is hard to tell)., No," Night, possibly wet (rain/wet pavement is visible).", Yes.
000114.mp4, 2, T-bone (based on the vehicle positions and trajectories), Likely yes (based on the impact type), Likely yes (due to the potential for injuries), Potentially yes (due to possible fluid leaks or other hazards), Yes (to investigate the accident), Sedans (based on the general vehicle shape), No (no visible signs of fire)," Night, wet (based on the lighting conditions and water reflections on the road)", Yes (low resolution and limited clarity)
000115.mp4, 2," Side impact/potentially T-bone,"," Likely No (based on visual assessment, cannot confirm)."," Likely No (based on visual assessment, cannot confirm).", No, Likely Yes," 1 sedan, 1 hatchback/small car", No," Day, clear", Yes
000116.mp4, I cannot determine if an accident happened and how many vehicles were involved., I cannot determine if an accident happened and how the type., Cannot determine, Cannot determine, Cannot determine, Cannot determine," I can see what appear to be a taxi and other cars, but the exact type of vehicles is unclear.", No," Night, possibly rainy/wet", Yes
000117.mp4,2,T-bone,unknown,unknown,no,likely,"hatchback, sedan",no,"day, clear",yes
000118.mp4, 2, T-bone, Likely yes, Yes, No, Yes, Car and Motorcycle, No," Day, Clear", Yes
000119.mp4, 2," T-bone (possible, due to the angle of impact)"," Cannot determine (Likely, as the white vehicle T-bones the other)", Likely (Due to T-bone nature), Unlikely, Likely, Sedan (gold) and van (white), No, Day/Rainy, Yes
000120.mp4," 0 (Based on this single frame, there's no visible accident).", Not Applicable (No accident detected).," No (No accident, cannot determine injury).", No (No accident)., No (No fire or accident requiring fire services)., No (No visible accident).," Sedan, Van, other types of vehicles are present, but not clearly discernible.", No.," Daytime, very heavy rain/flooding."," Yes, the footage is low resolution, and visibility is significantly reduced due to the heavy rain."
000121.mp4, 1, Single vehicle accident, Unclear, Unclear, No, Unclear, Bus, No," Day, clear", Yes
000122.mp4," Difficult to definitively determine from this image. I can see what appears to be multiple vehicles, but whether they are all involved in an accident is unclear. Estimating at least 2+."," Due to the low resolution and limited view, I cannot determine the specific accident type. It appears to be a multivehicle accident but the impact angles are not visible.",  Cannot determine with certainty. Unknown., Cannot determine with certainty. Unknown., Cannot determine with certainty. Unknown.," Likely, due to the potential for a multivehicle accident. Probably yes.", Can only make rough estimates. Appears to be various types. I see forms suggesting at least one sedan or compact car and potentially another larger vehicle., No., Night. Weather appears to be wet/rainy., Yes.
000123.mp4, 3, Rear-end collision., Cannot be determined., Cannot be determined., Cannot be determined., Cannot be determined.," Truck, sedan, sedan.", No.," Daytime, clear weather.", Yes.
000124.mp4, 0 (There is no accident occurring in the image.), N/A (No accident is occurring), No (No accident is occurring), No (No accident is occurring), No (No accident is occurring), No (No accident is occurring),"  The image shows a bus, a truck and a small scooter or motorcycle, but they are not involved in an accident.", No," Day, and weather appears to be clear", Yes
000125.mp4,2,T-bone,Likely yes (due to nature of accident and involvement of motorcycle),Likely yes (due to potential for injury),Unlikely no (no visual indication of fire or need for rescue),Likely yes (to investigate and document the accident),"Motorcycle, Sedan",No,"Day, Overcast",Yes
000126.mp4,2,T-bone,"Likely yes, based on the nature of the collision between the vehicles.","Likely yes, due to potential injuries.","Likely no, no evidence of fire.","Likely yes, to investigate and file a report.",Bus and a motorcycle,No.,"Day, clear.",Yes.
000127.mp4,2,T-bone,Unknown,Unknown,Unknown,Unknown,Appears to be two sedans.,No,"Night, clear",Yes
000128.mp4, 2, It appears to be a side impact (T-bone) or a near-side collision. It's hard to be certain from the angle., Cannot be determined from the image., Cannot be determined from the image., Cannot be determined from the image.," Cannot be determined from the image, but given the nature of the collision, it's likely they would be needed."," One appears to be a box truck or van, and the other appears to be a sedan.", No., Night. Snowy conditions are evident.,"  The footage quality is low resolution, making detailed assessment difficult."
000129.mp4, 2, T-bone (based on the position of the vehicles after the impact).," Based on the video, there is no immediate medical evaluation.", Possibly. It is difficult to ascertain if there are any major injuries.," The firetruck is already at the location, meaning, that there is no additional need.", Unknown if the police are on-site or required., Car or SUV and a firetruck., No.," Daytime, clear weather.", No.
000130.mp4, 0, Not applicable as no accident is occurring in the images., No, No, No, No," SUVs, Vans, Sedans", No," Daytime, snowy/icy conditions.", No
000131.mp4, 2, T-bone, Cannot determine from the image., Cannot determine from the image., Cannot determine from the image., Cannot determine from the image.," Sedan, Sedan", No," Night, Snowy", No
000132.mp4, 2, T-bone, Unknown, Unknown, No, Likely, Both appear to be sedans., No," Night, appears to be snowy/icy conditions", No
000133.mp4,3,T-bone/side impact,Cannot determine with certainty,Cannot determine with certainty,Cannot determine with certainty,Likely,"Van, sedan, sedan",No,"Night, appears to be wet or icy road conditions",No
000134.mp4, 2, T-bone, Cannot determine from the image., Cannot determine from the image., Cannot determine from the image.," Cannot determine from the image, but likely needed for accident reporting.", Sedans., No.," Daytime, snowy/icy conditions."," No, the footage is relatively clear, despite being a bit distant."
000135.mp4," 0 (Based on the frame, there's no visible accident occurring)", N/A (No accident), No, No, No, No, I can identify a car in the image., No," Night, appears to be a cold winter scene with snow. It's difficult to determine the exact weather conditions (e.g., clear, cloudy) from a single image."," Yes, resolution is low making it difficult to see smaller details."
000136.mp4,4,Angle / Side Impact collision involving multiple vehicles,Yes (based on the severity of the crash),"Yes (likely, due to the severity)","Possible (given the potential for hazards, and impact to the vehicle)",Yes (to investigate the accident and manage the scene),"SUV, truck, motorcycles.",No (no visible fire),"Day, clear",Yes
000137.mp4, 0, None, No, No, No, No, Sedan, No," Day, Wet", No
000138.mp4, 0 (There is no visible accident in the provided frames.), N/A, no, no, no, no," Various vehicles are visible in the scene (SUVs, trucks, sedans), but none are involved in an accident in these frames.", no," Day, clear"," Low resolution/Quality, but sufficient to see what is happening."
000139.mp4," 0 (Based on the frames, there is no visible accident)", N/A (No accident is visible), No (No visible injuries), No (No indication of need), No (No indication of need), No (No indication of need)," Sedans, SUVs, a van.", No (No fire is visible)," Day, appears to be wet/rainy.", No
000140.mp4, 1, Single vehicle accident, Unknown, Unknown, Unknown, Unknown, Sedan, No," Night, clear", Yes
000141.mp4, 2, T-bone, Possibly yes (due to the severity of the impact and the visible debris), Likely yes (due to the possibility of injuries), Unlikely no (no visible fire or smoke), Likely yes (due to the severity of the accident), Sedan and SUV, No," Day, clear", No
000142.mp4, 2, T-bone," Likely yes, based on the severity of the impact."," Yes, based on the severity of the impact."," Possibly, to assess potential hazards."," Yes, to investigate the accident.", Sedans appear to be involved., No., Night and clear., No.
000143.mp4, 1, Pedestrian vs Vehicle, Yes, Yes, No, Yes, Sedan, No," Day, clear", No
000144.mp4, 2, Appears to be a side impact/T-bone collision.," Yes, based on the person sitting on the curb before the crash."," Yes, likely due to the potential for injury of the man sitting on curb."," No, based on no visual indication of fire."," Yes, likely needed for accident investigation and handling of the scene.", Two sedans., No," Day, weather is clear."," Yes, the footage is low resolution, making it difficult to identify details."
000145.mp4, 2, T-bone, Possibly (Difficult to determine from this footage)," Possibly (Due to the nature of the collision, it is possible but cannot be confirmed with footage.)", No, Probably (To investigate and file an accident report)," Truck, SUV/Minivan", No," Day, Clear", Yes
000146.mp4," 0 (Based on the current frame, there is no visible accident).", None (No accident is occurring in the frame)., No (There is no indication of injury)., No (No indication of need for ambulance)., No (No indication of fire or need for firetruck)., No (No indication of need for police).," Currently, one truck and one sedan are visible.", No (No fire is visible).," Day, clear weather.", Yes (The footage is low resolution and somewhat blurry).
000147.mp4, 2, Side Impact/ Overturn, Potentially yes, Potentially yes, Possibly (debris and possible fuel leak), Yes," Hatchback car, Semi-truck.", No (but potential for fuel leak)," Day, clear", Yes
000148.mp4,2,T-bone,"It is difficult to tell from the footage, but based on the impact, I would say yes",Likely,Unlikely,Likely,Sedans,No,"Day, Clear",Yes
000149.mp4,,,,,,,,,,
000150.mp4, 2, Likely a T-bone or intersection collision.," Potentially yes, given the nature of the collision.", Potentially yes.,  Potentially no., Yes., Sedan (at least one is visible)., No (no visible signs).," Night, potentially wet or rainy conditions."," Yes, the footage is low resolution and has poor visibility due to the lighting and possible weather."
000151.mp4, 1, Pedestrian collision, Yes, Likely yes, No, Yes, Small sedan, No, Day/Clear, Yes
000152.mp4, Unable to determine from frames, Unable to determine from frames, Unable to determine from frames, Unable to determine from frames, Unable to determine from frames, Unable to determine from frames, Appears to be a van, No," Daytime, clear"," Yes, low resolution"
000153.mp4, Impossible to tell from single frame., Impossible to tell from single frame., Unknown., Unknown., Unknown., Unknown., At least one sedan., No.," Night, appears clear.", Yes.
000154.mp4,,,,,,,,,,
000155.mp4," It is difficult to determine the exact number of vehicles involved in the accident from this single frame. It appears there may be at least one car that has crashed, but without more information, it is impossible to say if other vehicles were involved. The video appears to capture one vehicle.", It's impossible to determine the accident type from this frame alone.," Unknown, but unlikely.", Unknown., Unknown.," Likely, due to the presence of the crash.", Appears to be a car, No.," Daytime, possibly rainy or wet conditions based on the road surface.", Yes.
000156.mp4, 1 (possibly more vehicles are out of view), Pedestrian Hit, Likely yes, Likely yes, No (not indicated by the frame), Likely yes (for investigation and traffic control)," Bus (or a similar large vehicle), possible vehicle out of frame", No," Day, clear", Yes
000157.mp4, 2, T-Bone, Likely yes, Likely yes, Likely no, Yes, Van and Motorcycle, No," Day, clear", Yes
000158.mp4, 2, Rear-end, Unknown, Likely, Unlikely, Likely, Sedan and a van, No, Day/Clear, Yes
000159.mp4, 3, Rear end, Unknown, Unknown, Unknown, Likely, Sedans, No," Night, Clear", Yes
000160.mp4, 2, T-bone, Yes, Yes, No, Yes, Sedan and Motorcycle, No," Day, rainy/wet", Yes
000161.mp4, 2, T-bone," Based on the video, it's highly likely ""yes"" due to the nature of the impact on the motorcycle.","  Probably ""yes"" given the potential for injuries in a motorcycle accident."," ""no"" based on what can be seen in the video frames"," ""yes"", to investigate the accident and file a report.", Motorcycle and Sedan," ""no""", Day/Overcast," ""yes"""
000162.mp4, 2 (based on the visible impact), T-bone," Possibly yes (based on the severity of the impact, further investigation is needed)"," Possibly yes (based on the severity of the impact, further investigation is needed)", No (no visible fire), Yes (traffic accident investigation), Sedan and Sedan, No," Day, clear", Yes (low resolution)
000163.mp4, 2, T-bone, Likely yes (based on the violent impact)., Yes, Maybe, Yes," Sedan (at least one, possibly two)."," Likely, there is a bright flash and sustained light suggesting some type of combustion."," Night, possibly wet (lights are diffused).", Yes
000164.mp4, 2, T-Bone, Potentially yes (based on the severity of the impact)., Probably yes., Possibly yes (due to the severity and debris)., Yes (standard procedure for accidents).," At least one Sedan, the other vehicle type is unclear.", No (not visibly in the frames).," Night, weather unclear (appears possibly wet).", Yes.
000165.mp4, 0, None, No, No, No, No," SUVs, Sedans, Van", No, Day/Clear, No
000166.mp4, 2, T-Bone (based on vehicle orientation after the apparent impact), Potentially Yes (based on the impact type and the presence of a pedestrian nearby), Potentially Yes (given the potential for injuries from a T-Bone collision and a nearby pedestrian), No (no evidence of fire or need for extraction), Yes (traffic accidents require police investigation), Sedan (likely) and possibly another Sedan., No," Night, Wet/Rainy (based on street glare and visibility)"," Yes (the footage is grainy and low resolution, making it difficult to ascertain specific details)."
000167.mp4, 2," Side impact, potentially a sideswipe or a T-bone type situation"," yes, based on the body posture after collision"," Potentially yes, given the body posture in the image"," No, no sign of fire"," Likely yes, given the event being recorded and the presence of what appears to be a police logo.", Sedan and unknown, No," Daytime, clear weather"," Yes, the footage is low resolution, making it difficult to identify details accurately."
000168.mp4, 2, Pedestrian strike, Yes, Yes, No, Yes, Sedan and pedestrian, No," Night, and weather is unknown but it appears to be clear.", Yes
000169.mp4," 0 (There is no indication of an accident, but I am providing an analysis of the vehicles at the intersection)", N/A, no, no, no, no," Tanker truck, pickup truck, sedan,", no," Day, clear", yes
000170.mp4, 2, T-Bone. One vehicle appears to have hit another at an intersection., Yes (Based on visible impact).," Yes (Likely, given the severity of the impact).", Possibly (if there is a potential for fire)., Yes (Accidents with injuries typically require police involvement).," Sedan (at least one, possible SUV or station wagon).", Yes (Possible fire after the impact).," Night, clear weather.", Yes (Video is low resolution)
000171.mp4, 2, T-bone, Unknown., Likely., Unknown., Highly likely.," SUV, mini-bus/van.", No.," Night, wet.", Yes.
000172.mp4, 0 (There is no accident in the provided frames.), N/A, No, No, No, No," SUVs, trucks, sedans, van, other.", No," Day, clear", Yes
000173.mp4," 0 (Based on the provided frames, there's no visible evidence of an accident).", None (No accident detected)., No (No indication of injuries)., No (No need apparent)., No (No need apparent)., No (No need apparent).," SUVs, sedans, and trucks are visible in traffic.", No.," Daytime, clear.", Yes.
000174.mp4,"  Impossible to determine from these images. There is no accident shown, but cars are driving in various directions.",  Cannot be determined as there is no accident present in the images.," Unknown, cannot be determined."," Unknown, cannot be determined."," Unknown, cannot be determined."," Unknown, cannot be determined.","  Sedans, SUVs, and potentially trucks are visible but their involvement in an accident is nonexistent.", No.," Night, and assuming the weather is clear."," Yes, the footage is of low resolution and quality."
000175.mp4, 0, N/A, no, no, no, no, sedan, no," night, clear", yes
000176.mp4, 0, None, no, no, no, no," SUV, sedan, van, truck", no," Day, clear", yes
000177.mp4,2,T-bone,Unknown,Unknown,Unknown,Likely,"SUV, Sedan",No,"Day, Clear",Yes
000178.mp4, 0 (I do not see an accident. I see vehicles passing through an intersection), None, No, No, No, No," SUVs, trucks, sedans", No," Day, clear", Yes
000179.mp4," 0 (Based on the frames, I do not see any vehicle collisions.  The cars are simply moving through an intersection at night.)", Not Applicable, No, No, No, No, Sedans (Based on the headlights and general shape), No," Night, weather is not discernible (likely clear based on visibility)", Yes
000180.mp4," 0 (Based on the provided frames, there is no visible accident.)", N/A (No accident is visible)," No (No accident, no injury)"," No (No accident, no need)"," No (No accident, no need)"," No (No accident, no need)"," SUVs, Sedans, Taxi (yellow sedan)", No (No fire is visible), Day/Clear, yes.
000181.mp4, 2, T-bone, Unknown, Unknown, Unknown, Unknown, Sedan and SUV, No," Night, clear", Yes
000182.mp4," 0 (Based on this frame alone, there is no visible accident, just traffic.)", N/A (No accident visible.), no (No visible indication of injury.), no (No indication of the need for an ambulance.), no (No indication of the need for a firetruck.), no (No visible evidence to suggest police presence or need.)," SUVs, sedans, trucks. (Based on visible vehicle shapes.)", no," Night, and unclear (Due to resolution, I cannot definitively determine the weather conditions)", yes
000183.mp4," It is impossible to know, the footage is demo only"," It is impossible to know, the footage is demo only"," It is impossible to know, the footage is demo only"," It is impossible to know, the footage is demo only"," It is impossible to know, the footage is demo only"," It is impossible to know, the footage is demo only"," SUVs, sedans, some hatchbacks. It is impossible to know, the footage is demo only", No.," Day, clear weather."," Yes, the footage is low resolution and the footage is demo only"
000184.mp4, 2, T-bone," Potentially yes (given the severity of the impact, it is possible someone was injured. However, the image alone does not provide this information)"," Potentially yes (based on the accident type, this is possible)", Potentially no (there is no visual indication of a fire), Likely yes (accidents of this nature usually require police assistance), SUV and a box truck, No," Day, clear"," No (while not high-definition, the footage is sufficient to see the accident)"
000185.mp4, 2, T-Bone," Yes (likely, based on the severity of the crash and debris field)", Yes, Yes (based on the presence of smoke/dust cloud after impact), Yes," It is difficult to determine the exact vehicle types due to the low quality and the impact. However, one appears to be a pickup and the other is either a car or a small SUV.", Possibly (Smoke/dust cloud observed after impact could indicate this)," Night, Weather appears to be raining/wet roads.", Yes
000186.mp4," 0 (Based on the provided images, there is no visible accident).", N/A, No (Based on visual evidence)., No (Based on visual evidence)., No (Based on visual evidence)., No (Based on visual evidence)., Sedan and truck., No," Night, wet (likely raining).", Yes. The footage is grainy and low resolution.
000187.mp4, 2," Angle/Side Impact (appears similar to a T-bone, but with an angle)", Likely yes (based on the severity of the impact), Likely yes, Possibly yes (depending on potential hazards/fuel spillage), Yes (accident investigation required), Appears to be sedans, No (based on the frame)," Night, Wet (based on road conditions)"," No, footage is reasonably clear."
000188.mp4, 2, Broadside/T-Bone, Likely Yes (based on severity of the accident), Highly Likely, Possibly (depending on the extent of damage and potential hazards)," Yes (standard for traffic accidents, especially with potential injuries)", Appears to be two sedans., No (no visible flames)," Night, likely clear", Yes
000189.mp4, 3, T-bone/Intersection Collision, Possible (based on the severity of the impact), Likely, Unlikely, Yes, Vans and Sedan, No," Night, clear", Yes
000190.mp4,"0 (Based on the video, there does not seem to be any accident)",N/A,No,No,No,No,"Scooter, Sedan, Van",No,"Day, clear",No
000191.mp4, 1 (bus), Appears to be loss of control causing the bus to veer off course.," Unknown, but given the size of the bus and its trajectory, injury is possible."," Probably yes, given the potential for injuries."," Unlikely, unless there's a fuel spill or fire hazard."," Yes, to investigate the cause of the accident and manage traffic.", Bus, No," Day, clear weather."," Yes, the footage is low resolution."
000192.mp4, 1 (Based on the video I see one car veering off the road and possibly hitting an object), Single Vehicle Accident (Possible collision with a stationary object), Unknown, Unknown, Unknown, Possible, Sedan, No," Night, weather unclear (appears clear)", Yes
000193.mp4,1,Pedestrian accident,Yes,Yes,No,Yes,"Bus, pedestrian.",No,"Day, clear",Yes
000194.mp4, 0 (There is no accident in these frames. This is an ordinary crossing.), Not applicable (no accident)., No., No., No., No.," SUV, vans, cars, motorcycles/scooters.", No.," Day, clear.", Yes.
000195.mp4, 1," Unable to determine from this single frame. It appears that a possible collision has occurred, but the type is not visible.", Unable to determine from this frame., Unable to determine from this frame., Unable to determine from this frame., Unable to determine from this frame.," Bus, and what looks like a delivery van or light duty truck.", No," Day, clear weather.", Appears to be low resolution.
000196.mp4, 2," T-bone (likely, based on the approach angles)", Likely yes (based on the impact and potential vulnerability of motorcycle rider), Yes, No (no visible fire), Yes," Van/Light Truck, Motorcycle", No," Day, clear weather", Yes
000197.mp4,1,Single vehicle accident (motorcycle fall),Yes (based on the fall),Possibly yes (given the visible injuries),No,Possibly yes (to investigate the accident),Motorcycle/Scooter,No,"Day, clear",No
000198.mp4,2,Appears to be a vehicle colliding with a motorcycle. It is not possible to ascertain type of accident type from a single frame,Yes. There is a person seen on the ground.,"Yes, likely due to apparent injury.","No, no fire is visible.","Yes, an accident has occurred.",Sedan and Motorcycle,No.,"Day, clear weather","No, the footage has enough detail to be helpful."
000199.mp4, 2, T-bone, Yes, Yes, No, Yes," Sedan, Motorcycle", No," Day, Clear", No
000200.mp4, 1, Unknown. The footage does not show an accident happening., Unknown, Unknown, No, Unknown, Motorcycle or Scooter and a Car., No," Day, clear", Low Resolution
000201.mp4, 0, N/A, N/A, No, No, No," Sedans, Van, small hatchback", No," Day, clear", Yes
000202.mp4, 2, T-bone," Possible (due to the force of impact, difficult to confirm from the footage).", Likely (due to the nature of the accident)., No (no visible fire or smoke)., Yes (to investigate the accident and manage traffic)., Sedan and SUV or Van., No," Night, wet (road surface appears wet reflecting headlights)."," Yes (the image quality is low, making it difficult to discern details clearly)."
000203.mp4, 2, T-bone, yes, yes, no, yes, Motorcycle and sedan, no," Day, clear", no
000204.mp4, 2, T-bone, yes, yes, no, yes, Car and Motorcycle, no," Day, clear", yes
